[
  {"name": "Alameda County", "type": "county", "state": "CA", "priority": "phase_1"},
  {"name": "Alpine County", "type": "county", "state": "CA", "priority": "phase_2"},
  {"name": "Amador County", "type": "county", "state": "CA", "priority": "phase_2"},
  {"name": "Butte County", "type": "county", "state": "CA", "priority": "phase_2"},
  {"name": "Calaveras County", "type": "county", "state": "CA", "priority": "phase_2"},
  {"name": "Colusa County", "type": "county", "state": "CA", "priority": "phase_2"},
  {"name": "Contra Costa County", "type": "county", "state": "CA", "priority": "phase_1"},
  {"name": "Del Norte County", "type": "county", "state": "CA", "priority": "phase_2"},
  {"name": "El Dorado County", "type": "county", "state": "CA", "priority": "phase_2"},
  {"name": "Fresno County", "type": "county", "state": "CA", "priority": "phase_1", "notes": "Central Valley major metro"},
  {"name": "Glenn County", "type": "county", "state": "CA", "priority": "phase_2"},
  {"name": "Humboldt County", "type": "county", "state": "CA", "priority": "phase_2"},
  {"name": "Imperial County", "type": "county", "state": "CA", "priority": "phase_2"},
  {"name": "Inyo County", "type": "county", "state": "CA", "priority": "phase_2"},
  {"name": "Kern County", "type": "county", "state": "CA", "priority": "phase_1"},
  {"name": "Kings County", "type": "county", "state": "CA", "priority": "phase_2"},
  {"name": "Lake County", "type": "county", "state": "CA", "priority": "phase_2"},
  {"name": "Lassen County", "type": "county", "state": "CA", "priority": "phase_2"},
  {"name": "Los Angeles County", "type": "county", "state": "CA", "priority": "phase_1"},
  {"name": "Madera County", "type": "county", "state": "CA", "priority": "phase_2", "notes": "Central Valley"},
  {"name": "Marin County", "type": "county", "state": "CA", "priority": "phase_1"},
  {"name": "Mariposa County", "type": "county", "state": "CA", "priority": "phase_2", "notes": "Yosemite gateway"},
  {"name": "Mendocino County", "type": "county", "state": "CA", "priority": "phase_2"},
  {"name": "Merced County", "type": "county", "state": "CA", "priority": "phase_2", "notes": "Central Valley"},
  {"name": "Modoc County", "type": "county", "state": "CA", "priority": "phase_2"},
  {"name": "Mono County", "type": "county", "state": "CA", "priority": "phase_2"},
  {"name": "Monterey County", "type": "county", "state": "CA", "priority": "phase_1"},
  {"name": "Napa County", "type": "county", "state": "CA", "priority": "phase_1"},
  {"name": "Nevada County", "type": "county", "state": "CA", "priority": "phase_2"},
  {"name": "Orange County", "type": "county", "state": "CA", "priority": "phase_1"},
  {"name": "Placer County", "type": "county", "state": "CA", "priority": "phase_1"},
  {"name": "Plumas County", "type": "county", "state": "CA", "priority": "phase_2"},
  {"name": "Riverside County", "type": "county", "state": "CA", "priority": "phase_1"},
  {"name": "Sacramento County", "type": "county", "state": "CA", "priority": "phase_1"},
  {"name": "San Benito County", "type": "county", "state": "CA", "priority": "phase_2"},
  {"name": "San Bernardino County", "type": "county", "state": "CA", "priority": "phase_1"},
  {"name": "San Diego County", "type": "county", "state": "CA", "priority": "phase_1"},
  {"name": "San Francisco County", "type": "county", "state": "CA", "priority": "phase_1"},
  {"name": "San Joaquin County", "type": "county", "state": "CA", "priority": "phase_1", "notes": "Central Valley major metro — Stockton"},
  {"name": "San Luis Obispo County", "type": "county", "state": "CA", "priority": "phase_1"},
  {"name": "San Mateo County", "type": "county", "state": "CA", "priority": "phase_1"},
  {"name": "Santa Barbara County", "type": "county", "state": "CA", "priority": "phase_1"},
  {"name": "Santa Clara County", "type": "county", "state": "CA", "priority": "phase_1"},
  {"name": "Santa Cruz County", "type": "county", "state": "CA", "priority": "phase_1"},
  {"name": "Shasta County", "type": "county", "state": "CA", "priority": "phase_2"},
  {"name": "Sierra County", "type": "county", "state": "CA", "priority": "phase_2"},
  {"name": "Siskiyou County", "type": "county", "state": "CA", "priority": "phase_2"},
  {"name": "Solano County", "type": "county", "state": "CA", "priority": "phase_1"},
  {"name": "Sonoma County", "type": "county", "state": "CA", "priority": "phase_1"},
  {"name": "Stanislaus County", "type": "county", "state": "CA", "priority": "phase_1", "notes": "Central Valley — Modesto"},
  {"name": "Sutter County", "type": "county", "state": "CA", "priority": "phase_2"},
  {"name": "Tehama County", "type": "county", "state": "CA", "priority": "phase_2"},
  {"name": "Trinity County", "type": "county", "state": "CA", "priority": "phase_2"},
  {"name": "Tulare County", "type": "county", "state": "CA", "priority": "phase_1", "notes": "Central Valley — Visalia"},
  {"name": "Tuolumne County", "type": "county", "state": "CA", "priority": "phase_2"},
  {"name": "Ventura County", "type": "county", "state": "CA", "priority": "phase_1"},
  {"name": "Yolo County", "type": "county", "state": "CA", "priority": "phase_2"},
  {"name": "Yuba County", "type": "county", "state": "CA", "priority": "phase_2"},
  {"name": "City of Berkeley", "type": "city", "state": "CA", "priority": "tier_1", "notes": "Independent health dept — not under Alameda County"},
  {"name": "City of Long Beach", "type": "city", "state": "CA", "priority": "tier_1", "notes": "Independent health dept — not under LA County"},
  {"name": "City of Pasadena", "type": "city", "state": "CA", "priority": "tier_1", "notes": "Independent health dept — not under LA County"},
  {"name": "City of Vernon", "type": "city", "state": "CA", "priority": "tier_1", "notes": "Industrial city — food manufacturing focus"},
  {"name": "National Park Service — California", "type": "federal", "state": "CA", "priority": "phase_2", "notes": "Federal food safety jurisdiction in NPS-managed areas (Yosemite, Sequoia, etc.)"}
]
